Nombre,Edad,Ciudad
ECcYBwAei,41,YrdEDHcHz
IBkYhgc,25,KFPwTlJG
Dyueqe,41,rfsry
MKNvd,45,gRnilTE
mjWdowuLM,38,wXRPxIHGW
gxPYlKuUe,44,rLfojJNiwS
uhgNk,53,mTSarbO
QpRyfWZrcc,31,qWUuHKnepK
yNNzwuE,20,duzYMBI
LQLcCJcViy,54,UJrxiBEZ
qInZR,28,JbqxzE
dNmTrNgzr,63,OzfTupzPTF
xJdoomDpKw,23,SEBbBJFbJQ
HpcAWaC,49,PGISWEnell
cFTjBQ,24,bttmVCVL
ogHXnoXDJN,54,ODBKtuYSkR
JWJSVtX,41,QoteQK
zpQPxxK,28,gYjUuMkxxH
SHFsnnyhGs,62,TYojMEFf
uMQUhMXx,21,ABBvpUUAy
SswNLhLJ,28,Cxgtig
sekGJBO,54,arTZPSfO
BJzlHMU,45,JhcgzXt
hZgkWEj,40,ItQJsKIz
ozjaLMUW,33,QyZNHjC
rcelICI,48,PbqzoT
WBBru,63,czTHRUnoPQ
ymgCwObr,22,DvHEvp
ntprBHghE,35,cIOHeQnvjw
mXYFzsrE,35,QsLxJKrqaB
jCaVNRyC,21,prbvw
Oxxjhv,20,qUtMNNtN
FMFDvM,31,vhNhHTMxwi
QrEkKl,63,sqMUi
bygFCT,27,RHYdDW
nLtadiK,29,cPkXGoz
qetqMjbj,63,kFpkF
XzbkPNn,63,llYozzitfl
SutKNS,39,eIzQv
lSAvk,46,SPwMr
QmZCrN,63,eKGnAaDDMu
nUEUbVsTL,44,nwqyD
FJlpfWIOim,63,KstmQ
gBvZifduJT,48,LvvTQCR
zPHCCed,49,pArYpxv
mfnJMZcq,32,nrMRtVBA
aFaAYSzDeo,34,AAjlhpu
qAObA,48,wnmIJuu
eedyuxuKa,52,FhhbgXJcz
EcwNNw,63,qNNkGeUTO
vmskhqHs,41,IFEflEg
IpKQt,24,bvaKgua
NbdYkRbf,20,AywuzUtz
sRsbWgcga,52,NkPtqgUsCk
lSWtxfQ,45,JmjOhVDPD
HyMfmCOJk,48,liYUTm
NmgzMg,58,BXjipvpDBJ
RApNPfWv,40,mKWytnj
oRooIjUzq,61,YqXRDEnty
FiEGdJvm,43,pDmDseZjqm
XCzycCndH,24,ckPozLYgyZ
oIyggDS,25,FdFtCWNSS
itJUuJmLCR,25,XrqBTyYXy
PuuQeYgCxB,43,pvKFX
aaadcEEIp,22,HbBdH
aKeOCzUvV,18,JRbRSj
qvPOCmj,54,ShJsNik
loxWjAEsKM,19,NbHswT
BKMsCgKrft,51,NOYAT
xQazO,38,gqNxbTjR
oOCley,18,uXTmuGRN
saWhbsoW,24,BOqvJE
UxabysQ,62,bQcdXhber
IWzZkIixW,65,nlifdLg
dfzFe,60,CVdAgeW
iCjzr,55,sQjnQL
LppOXDCij,22,Ctytvi
vdlMcwunM,18,bWyALzGlaC
wiUZzm,39,mnvxhi
QRBLEonMQU,26,uLtwLUNyjt
JrDXaq,65,ykcBInZOiH
buYkyOFOm,30,fqmaHTMoht
WfEajIWD,37,ebUcdflU
cwVrtXOkWV,21,OZtxv
DzaSaq,26,SPpdtmffZ
dnwDzjxp,59,pTtVhLwWm
YJViX,54,BPdkCFJ
UQqVxOMgP,58,UhKoOmoJ
yMDpJgk,56,gQhzG
iayKobAqSs,45,QlWEAbc
lkFfkU,63,QeyHpCrUv
YKEorOgA,64,GehfHHOd
FwGlLLn,33,WoyEm
XEacLaXr,31,bIyivQJg
gLEFC,31,CPMTiPU
STVENge,38,efQfK
bQWmmr,29,MAXLD
HFwYt,22,lRsPluFZ
NFoHcqzPe,37,nUUHj
oNIcCU,59,mQoYwfEMZn